{
  "eer": 0.4932918991038816,
  "eer_threshold": 0.040065614688626704,
  "genuine_scores": {
    "mean": 0.02897990122437477,
    "std": 0.07573960721492767,
    "min": -0.0920633003115654,
    "max": 0.21225735545158386
  },
  "impostor_scores": {
    "mean": 0.028914770111441612,
    "std": 0.0755239799618721,
    "min": -0.09035337716341019,
    "max": 0.2187826931476593
  },
  "far_at_frr": {
    "FAR@FRR=0.01": 0.9986559139784946,
    "FAR@FRR=0.05": 0.9802867383512545,
    "FAR@FRR=0.1": 0.9000716845878136
  },
  "n_genuine": 6200,
  "n_impostor": 55800
}