{
  "eer": 0.027234567901234588,
  "eer_threshold": 0.8376856079272901,
  "genuine_scores_mean": 0.9905438613136416,
  "genuine_scores_std": 0.041047977387270645,
  "impostor_scores_mean": 0.6832912856193686,
  "impostor_scores_std": 0.06318536008541396,
  "thresholds": [
    0.3,
    0.5,
    0.6,
    0.7,
    0.8,
    0.8376856079272901
  ],
  "far": [
    1.0,
    1.0,
    0.9300617283950617,
    0.36646913580246915,
    0.03923456790123457,
    0.027246913580246914
  ],
  "frr": [
    0.0,
    0.0,
    0.0,
    0.0024444444444444444,
    0.015222222222222222,
    0.02722222222222222
  ]
}