{
  "eer": 0.022513440860215044,
  "eer_threshold": 0.7853258748849233,
  "genuine_scores": {
    "mean": 0.9767774939537048,
    "std": 0.056205447763204575,
    "min": 0.3789428472518921,
    "max": 0.9999712705612183
  },
  "impostor_scores": {
    "mean": 0.47609955072402954,
    "std": 0.12658996880054474,
    "min": 0.12265484035015106,
    "max": 0.9959732294082642
  },
  "far_at_frr": {
    "FAR@FRR=0.01": 0.06616487455197133,
    "FAR@FRR=0.05": 0.007240143369175628,
    "FAR@FRR=0.1": 0.0024193548387096775
  },
  "n_genuine": 6200,
  "n_impostor": 55800
}